Folder Path,File Name
"./components/core/","form-step-indicator-web.tsx"
"./components/core/addAsks/","add-edit-asks.tsx"
"./components/core/","modal.tsx"
"./components/core/office-hours-rating/","not-happened.tsx"
"./components/core/office-hours-rating/","office-hours-multi-select.tsx"
"./components/core/office-hours-rating/","trouble-section.tsx"
"./components/core/office-hours-rating/","happened.tsx"
"./components/core/office-hours-rating/","rating-container.tsx"
"./components/core/office-hours-rating/","user-confirmation.tsx"
"./components/core/","toaster.tsx"
"./components/core/","loader.tsx"
"./components/core/","selected-focus-area.tsx"
"./components/core/focus-area-filter/","focus-area-filter.tsx"
"./components/core/focus-area-filter/","filter-focus-are-item.tsx"
"./components/core/husky/","husky-input-box.tsx"
"./components/core/husky/","husky-login.tsx"
"./components/core/husky/","husky-ask.tsx"
"./components/core/husky/","husky-source-card.tsx"
"./components/core/husky/","husky-feedback.tsx"
"./components/core/husky/","husky-ask-prompts.tsx"
"./components/core/husky/","husky-empty-chat.tsx"
"./components/core/husky/","husky-ai.tsx"
"./components/core/husky/","husky-chat.tsx"
"./components/core/husky/","husky-answer-loader.tsx"
"./components/core/husky/","husky-sidepanel.tsx"
"./components/core/husky/","husky-chat-question.tsx"
"./components/core/husky/","husky-chat-suggestion.tsx"
"./components/core/husky/","husky-answer-actions.tsx"
"./components/core/husky/","husky-limit-strip.tsx"
"./components/core/husky/","husky-code-block.tsx"
"./components/core/husky/","husky-chat-answer.tsx"
"./components/core/husky/","husky-login-expired.tsx"
"./components/core/husky/","husky-chat-actions.tsx"
"./components/core/login/","broadcast-channel.tsx"
"./components/core/login/","verify-email-modal.tsx"
"./components/core/login/","auth-box.tsx"
"./components/core/login/","auth-info.tsx"
"./components/core/login/","privy-modals.tsx"
"./components/core/login/","auth-invalid-user.tsx"
"./components/core/login/","cookie-checker.tsx"
"./components/core/","table-loader.tsx"
"./components/core/","copy-text.tsx"
"./components/core/","popover-dp.tsx"
"./components/core/","pagination-box.tsx"
"./components/core/navbar/","userProfile.tsx"
"./components/core/navbar/","nav-bar.tsx"
"./components/core/navbar/","husky-link.tsx"
"./components/core/navbar/","login-btn.tsx"
"./components/core/navbar/","notification-card.tsx"
"./components/core/navbar/","join-network.tsx"
"./components/core/navbar/","all-notifications.tsx"
"./components/core/navbar/","mobile-nav-drawer.tsx"
"./components/core/navbar/","sign-up.tsx"
"./components/core/","bread-crumb.tsx"
"./components/core/","empty-result.tsx"
"./components/core/","focus-area-display.tsx"
"./components/core/register/","steps-indicator-desktop.tsx"
"./components/core/register/","register-success.tsx"
"./components/core/register/","member-register-dialog.tsx"
"./components/core/register/","register-actions.tsx"
"./components/core/register/","steps-indicator-mobile.tsx"
"./components/core/register/","register-form-loader.tsx"
"./components/core/","form-step-indicator-mob.tsx"
"./components/core/tooltip/","tooltip.tsx"
"./components/core/","page-loader.tsx"
"./components/core/","irl-error-page.tsx"
"./components/core/","error.tsx"
"./components/core/events/","treemap.tsx"
"./components/page/irl/attendee-list/","delete-attendees-popup.tsx"
"./components/page/irl/attendee-list/","guest-table-row.tsx"
"./components/page/irl/attendee-list/","search.tsx"
"./components/page/irl/attendee-list/","attendee-popover.tsx"
"./components/page/irl/attendee-list/","attendees-list.tsx"
"./components/page/irl/attendee-list/","guest-list.tsx"
"./components/page/irl/attendee-list/","floating-multi-select.tsx"
"./components/page/irl/attendee-list/","guest-description.tsx"
"./components/page/irl/attendee-list/","toolbar.tsx"
"./components/page/irl/attendee-list/","event-summary.tsx"
"./components/page/irl/attendee-list/","no-attendees.tsx"
"./components/page/irl/attendee-list/","floating-bar.tsx"
"./components/page/irl/attendee-list/","attendee-table-header.tsx"
"./components/page/irl/attendee-list/","empty-list.tsx"
"./components/page/irl/","irl-header.tsx"
"./components/page/irl/locations/","irl-location.tsx"
"./components/page/irl/locations/","pl-button-card.tsx"
"./components/page/irl/locations/","irl-location-popupView.tsx"
"./components/page/irl/locations/","irl-see-more-location-card.tsx"
"./components/page/irl/locations/","irl-location-card.tsx"
"./components/page/irl/irl-husky/","irl-husky-integration.tsx"
"./components/page/irl/add-edit-attendee/","topics-description.tsx"
"./components/page/irl/add-edit-attendee/","arrival-depature-date.tsx"
"./components/page/irl/add-edit-attendee/","office-hours.tsx"
"./components/page/irl/add-edit-attendee/","attendee-details.tsx"
"./components/page/irl/add-edit-attendee/","topics.tsx"
"./components/page/irl/add-edit-attendee/","gatherings.tsx"
"./components/page/irl/add-edit-attendee/","attendee-options.tsx"
"./components/page/irl/add-edit-attendee/","attendee-form-errors.tsx"
"./components/page/irl/add-edit-attendee/","participation-details.tsx"
"./components/page/irl/add-edit-attendee/","attendee-form.tsx"
"./components/page/irl/add-edit-attendee/","telegram-handle.tsx"
"./components/page/irl/","irl-mobile-header.tsx"
"./components/page/irl/events/","irl-events-table-view.tsx"
"./components/page/irl/events/","search-gatherings.tsx"
"./components/page/irl/events/","irl-all-events.tsx"
"./components/page/irl/events/","irl-upcoming-events.tsx"
"./components/page/irl/events/","irl-past-events.tsx"
"./components/page/irl/events/","irl-events.tsx"
"./components/page/irl/events/","irl-events-popup-overlay.tsx"
"./components/page/irl/events/","irl-edit-response.tsx"
"./components/page/irl/follow-gathering/","follow-section.tsx"
"./components/page/irl/follow-gathering/","all-followers.tsx"
"./components/page/irl/follow-gathering/","presence-request-success.tsx"
"./components/page/irl/follow-gathering/","irl-follow-gathering.tsx"
"./components/page/irl/follow-gathering/","follow-button.tsx"
"./components/page/teams/","teams-tags-list.tsx"
"./components/page/teams/","asks-popover.tsx"
"./components/page/teams/","team-list-view.tsx"
"./components/page/teams/","team-list.tsx"
"./components/page/teams/","team-grid-view.tsx"
"./components/page/teams/","filter.tsx"
"./components/page/teams/","filter-wrapper.tsx"
"./components/page/teams/","teams-toolbar.tsx"
"./components/page/teams/","team-add-card.tsx"
"./components/page/team-form-info/","team-social-info.tsx"
"./components/page/team-form-info/","team-member-card.tsx"
"./components/page/team-form-info/","team-register-info.tsx"
"./components/page/team-form-info/","team-register-form.tsx"
"./components/page/team-form-info/","team-login-info.tsx"
"./components/page/team-form-info/","team-projects-info.tsx"
"./components/page/team-form-info/","team-basic-info.tsx"
"./components/page/team-form-info/focus-area/","focus-areas-popup.tsx"
"./components/page/team-form-info/focus-area/","focus-areas.tsx"
"./components/page/team-form-info/focus-area/","focus-area-list.tsx"
"./components/page/team-form-info/focus-area/","focus-area.tsx"
"./components/page/home/","husky-discover.tsx"
"./components/page/home/discover/","discover-card.tsx"
"./components/page/home/discover/","discover.tsx"
"./components/page/home/husky/","husky.tsx"
"./components/page/home/","husky-dialog.tsx"
"./components/page/home/featured/","featured-header.tsx"
"./components/page/home/featured/","location-card.tsx"
"./components/page/home/featured/","team-card.tsx"
"./components/page/home/featured/","featured.tsx"
"./components/page/home/featured/","member-bio-modal.tsx"
"./components/page/home/featured/","project-card.tsx"
"./components/page/home/featured/","irl-card.tsx"
"./components/page/home/featured/","member-card.tsx"
"./components/page/home/featured/","scroll-to-top.tsx"
"./components/page/home/focus-area/","focus-area-dialog.tsx"
"./components/page/home/focus-area/","focus-area-header.tsx"
"./components/page/home/focus-area/","focus-area-section.tsx"
"./components/page/settings/","settings-back-btn.tsx"
"./components/page/settings/","manage-members.tsx"
"./components/page/settings/","add-team-member-detail.tsx"
"./components/page/settings/","actions.tsx"
"./components/page/settings/","teams-member-info.tsx"
"./components/page/settings/","member-privacy-readonly.tsx"
"./components/page/settings/","manage-teams.tsx"
"./components/page/settings/","alert-message.tsx"
"./components/page/settings/","settings-mobile-handler.tsx"
"./components/page/settings/","member-settings.tsx"
"./components/page/settings/","member-privacy-form.tsx"
"./components/page/settings/","menu.tsx"
"./components/page/settings/","add-team-member-pop-up.tsx"
"./components/page/sign-up/","sign-up-success.tsx"
"./components/page/sign-up/","sign-up.tsx"
"./components/page/sign-up/","sign-up-form.tsx"
"./components/page/project-details/","description.tsx"
"./components/page/project-details/","teams-involved.tsx"
"./components/page/project-details/","stats.tsx"
"./components/page/project-details/","all-teams-modal.tsx"
"./components/page/project-details/","header.tsx"
"./components/page/project-details/","delete-confirmation-modal.tsx"
"./components/page/project-details/","all-contributors-modal.tsx"
"./components/page/project-details/","kpis.tsx"
"./components/page/project-details/","contact-infos.tsx"
"./components/page/project-details/","contributors.tsx"
"./components/page/project-details/","additional-details.tsx"
"./components/page/project-details/","hyper-links.tsx"
"./components/page/project-details/","stats-card.tsx"
"./components/page/husky/","chat-header.tsx"
"./components/page/husky/","directory-results.tsx"
"./components/page/husky/","app-sidebar.tsx"
"./components/page/husky/","chat-home.tsx"
"./components/page/husky/","sidebar.tsx"
"./components/page/husky/","preview-message.tsx"
"./components/page/husky/","chat-container.tsx"
"./components/page/husky/","chat-feedback.tsx"
"./components/page/husky/","chat-input.tsx"
"./components/page/husky/","followup-questions.tsx"
"./components/page/husky/","chat-actions.tsx"
"./components/page/husky/","messages.tsx"
"./components/page/husky/","related-results.tsx"
"./components/page/husky/","chat.tsx"
"./components/page/projects/","project-toolbar.tsx"
"./components/page/projects/","project-list-view.tsx"
"./components/page/projects/","sort-dropdown.tsx"
"./components/page/projects/","project-grid-view.tsx"
"./components/page/projects/","project-list.tsx"
"./components/page/projects/","project-filter.tsx"
"./components/page/projects/","project-add-card.tsx"
"./components/page/projects/","filter-wrapper.tsx"
"./components/page/projects/","projectlist-wrapper.tsx"
"./components/page/team-details/","team-details.tsx"
"./components/page/team-details/","about.tsx"
"./components/page/team-details/","team-member-card.tsx"
"./components/page/team-details/","asks-section.tsx"
"./components/page/team-details/","all-members.tsx"
"./components/page/team-details/","team-irl-contributions.tsx"
"./components/page/team-details/","technologies.tsx"
"./components/page/team-details/","all-projects.tsx"
"./components/page/team-details/","projects.tsx"
"./components/page/team-details/","team-office-hours.tsx"
"./components/page/team-details/","team-project-card.tsx"
"./components/page/team-details/","team-members.tsx"
"./components/page/team-details/","profile-social-link.tsx"
"./components/page/team-details/","contact-info.tsx"
"./components/page/team-details/","funding.tsx"
"./components/page/team-details/","contact-method.tsx"
"./components/page/member-details/","member-teams.tsx"
"./components/page/member-details/","member-details-repo-card.tsx"
"./components/page/member-details/","member-office-hours.tsx"
"./components/page/member-details/","contact-details.tsx"
"./components/page/member-details/","member-empty-project-experienct.tsx"
"./components/page/member-details/","member-repositories.tsx"
"./components/page/member-details/","bio.tsx"
"./components/page/member-details/","member-empty-repository.tsx"
"./components/page/member-details/","all-teams.tsx"
"./components/page/member-details/","member-detail-header.tsx"
"./components/page/member-details/","member-irl-contributions.tsx"
"./components/page/member-details/","member-details-team-card.tsx"
"./components/page/member-details/","all-repositories.tsx"
"./components/page/member-details/","member-details-login-strip.tsx"
"./components/page/member-details/","member-project-experience-card.tsx"
"./components/page/member-details/","member-project-contribution.tsx"
"./components/page/member-details/","profile-social-link.tsx"
"./components/page/member-details/","member-project-contributions.tsx"
"./components/page/member-details/","member-experience-item.tsx"
"./components/page/add-edit-team/","add-edit-team-form.tsx"
"./components/page/add-edit-team/","add-edit-team-container.tsx"
"./components/page/add-edit-team/","add-edit-team-success.tsx"
"./components/page/changelog/","changelog-list.tsx"
"./components/page/notifications/","all-notifications.tsx"
"./components/page/add-edit-project/","project-more-details.tsx"
"./components/page/add-edit-project/","add-edit-project-form.tsx"
"./components/page/add-edit-project/","contributors-popup.tsx"
"./components/page/add-edit-project/","contributing-team-popup.tsx"
"./components/page/add-edit-project/","project-contributors-info.tsx"
"./components/page/add-edit-project/","project-general-info.tsx"
"./components/page/add-edit-project/","add-edit-project-container.tsx"
"./components/page/add-edit-project/","project-kpis-info.tsx"
"./components/page/add-edit-project/","add-drop-down.tsx"
"./components/page/add-edit-project/","maintaining-team-popup.tsx"
"./components/page/member-info/","member-contributions-info.tsx"
"./components/page/member-info/","admin-email-update.tsx"
"./components/page/member-info/","member-social-info.tsx"
"./components/page/member-info/","link-auth-accounts.tsx"
"./components/page/member-info/","register-form.tsx"
"./components/page/member-info/","self-email-update.tsx"
"./components/page/member-info/","member-basic-info.tsx"
"./components/page/member-info/contributions/","contribution-head.tsx"
"./components/page/member-info/contributions/","add-contribution.tsx"
"./components/page/member-info/","member-skills-info.tsx"
"./components/page/members/","member-infinite-list.tsx"
"./components/page/members/","member-skill-list.tsx"
"./components/page/members/","member-grid-view.tsx"
"./components/page/members/","members-filter.tsx"
"./components/page/members/","member-list-view.tsx"
"./components/page/members/","members-toolbar.tsx"
"./components/page/members/","filter-wrapper.tsx"
"./components/page/members/","roles-filter.tsx"
"./components/page/","tag-container.tsx"
"./components/page/events/","events-section.tsx"
"./components/page/events/","current-events-card.tsx"
"./components/page/events/","hosts-speakers-list.tsx"
"./components/page/events/","events-banner.tsx"
"./components/page/events/","scroll-observer.tsx"
"./components/page/events/contributors/","members-list.tsx"
"./components/page/events/contributors/","teams-list.tsx"
"./components/page/events/contributors/","contributors-section.tsx"
"./components/page/events/","schedule-section.tsx"
"./components/page/events/","husky-banner.tsx"
"./components/common/","Markdown.tsx"
"./components/ui/","info-box.tsx"
"./components/ui/","tag-loader.tsx"
"./components/ui/","filter-count.tsx"
"./components/ui/","modal-button.tsx"
"./components/ui/","autocomplete.tsx"
"./components/ui/","tag.tsx"
"./components/ui/","breadcrumbs.tsx"
"./components/ui/","tabs.tsx"
"./components/ui/","text-editor.tsx"
"./components/ui/","toogle.tsx"
"./components/ui/","view-type.tsx"
"./components/ui/","raising-funds.tsx"
"./components/ui/","bar-tabs.tsx"
"./components/ui/","ShadowButton.tsx"
"./components/ui/","irl-speaker-tag.tsx"
"./components/ui/","tag-container.tsx"
"./components/ui/","rounded-tabs.tsx"
"./components/ui/","link-dialog.tsx"
"./components/ui/","sort-by-dropdown.tsx"
"./components/ui/","irl-host-tag.tsx"
"./components/ui/","bookmark-tabs.tsx"
"./components/form/","multi-select-with-search.tsx"
"./components/form/","text-area.tsx"
"./components/form/","text-area-editor.tsx"
"./components/form/","searchable-single-select.tsx"
"./components/form/","month-year-picker.tsx"
"./components/form/","text-field-with-copy-icon.tsx"
"./components/form/","month-year-field.tsx"
"./components/form/","custom-toggle.tsx"
"./components/form/","month-year-range.tsx"
"./components/form/","dropdown.tsx"
"./components/form/","suggestions.tsx"
"./components/form/","radio-button.tsx"
"./components/form/","searchable-multi-select.tsx"
"./components/form/","toggle-readonly.tsx"
"./components/form/","single-select-with-image.tsx"
"./components/form/","suggestion-dropdown.tsx"
"./components/form/","multi-select.tsx"
"./components/form/","single-select.tsx"
"./components/form/","toggle.tsx"
"./components/form/","custom-checkbox.tsx"
"./components/form/","hidden-field.tsx"
"./components/form/","suggestion-item.tsx"
"./components/form/","text-field.tsx"
